run_number,step 1 HV,step 2 HV,scrapping,note,,,,
1,11,15,-1,,,,note:,
2,11,15,-1,,,,,"A. -1 stands for ""not sure"""
3,11,15,-1,,,,,"B. y stands for ""yes"""
4,11,15,-1,,,,,"C. n stands for ""no"""
5,11,15,-1,,,,,
6,11,15,-1,,,,,
7,11,15,-1,,,,,
8,11,15,-1,,,,,
9,11,15,-1,,,,,
10,11,15,-1,,,,,
11,11,15,-1,,,,,
12,11,15,-1,,,,,
13,11,15,-1,,,,,
14,11,15,-1,,,,,
15,11,15,-1,,,,,
16,11,15,-1,,,,,
17,11,15,-1,,,,,
18,11,15,-1,,,,,
19,11,15,-1,,,,,
20,11,15,-1,,,,,
21,11,15,-1,,,,,
22,11,15,-1,,,,,
23,11,15,-1,,,,,
24,11,15,-1,,,,,
25,11,15,-1,,,,,
26,11,15,-1,,,,,
27,11,15,-1,,,,,
28,11,15,-1,,,,,
29,11,15,-1,,,,,
30,11,15,-1,,,,,
31,11,15,-1,,,,,
32,11,15,-1,,,,,
33,11,15,-1,,,,,
34,11,15,-1,,,,,
35,11,15,-1,,,,,
36,11,15,-1,,,,,
37,11,15,-1,,,,,
38,11,15,-1,,,,,
39,11,15,-1,,,,,
40,11,15,-1,,,,,
41,11,15,-1,,,,,
42,11,15,-1,,,,,
43,11,15,-1,,,,,
44,11,15,-1,,,,,
45,11,15,-1,,,,,
46,11,15,-1,,,,,
47,11,15,-1,,,,,
48,11,15,-1,elog7084,,,,
49,7,10,-1,,,,,
50,7,10,-1,,,,,
51,7,10,-1,,,,,
52,7,10,-1,,,,,
53,7,10,-1,,,,,
54,7,10,-1,,,,,
55,7,10,-1,,,,,
56,7,10,-1,,,,,
57,7,10,-1,,,,,
58,7,10,-1,,,,,
59,11,15,-1,elog7114,,,,
60,11,15,-1,,,,,
61,11,15,-1,,,,,
62,11,15,-1,,,,,
63,11,15,-1,,,,,
64,11,15,-1,,,,,
65,11,15,-1,,,,,
66,11,15,-1,,,,,
67,11,15,-1,,,,,
68,11,15,-1,,,,,
69,11,15,-1,,,,,
70,11,15,-1,,,,,
71,11,15,-1,,,,,
72,11,15,-1,,,,,
73,11,15,-1,,,,,
74,11,15,-1,,,,,
75,11,15,-1,,,,,
76,11,15,-1,,,,,
77,11,15,-1,,,,,
78,11,15,-1,,,,,
79,11,15,-1,,,,,
80,11,15,-1,,,,,
81,11,15,-1,,,,,
82,11,15,-1,,,,,
83,11,15,-1,,,,,
84,11,15,-1,,,,,
85,11,15,-1,,,,,
86,11,15,-1,,,,,
87,11,15,-1,,,,,
88,11,15,-1,,,,,
89,11,15,-1,,,,,
90,11,15,-1,,,,,
91,11,15,-1,,,,,
92,11,15,-1,,,,,
93,11,15,-1,,,,,
94,11,15,-1,,,,,
95,11,15,-1,,,,,
96,11,15,-1,,,,,
97,11,15,-1,,,,,
98,11,15,-1,,,,,
99,11,15,-1,,,,,
100,11,15,-1,,,,,
101,11,15,-1,,,,,
102,11,15,-1,,,,,
103,11,15,-1,,,,,
104,11,15,-1,,,,,
105,11,15,-1,elog7156,,,,
106,7,10,-1,,,,,
107,7,10,-1,,,,,
108,7,10,-1,,,,,
109,7,10,-1,,,,,
110,7,10,-1,,,,,
111,7,10,-1,,,,,
112,7,10,-1,,,,,
113,7,10,-1,,,,,
114,7,10,-1,,,,,
115,7,10,-1,,,,,
116,7,10,-1,,,,,
117,7,10,-1,,,,,
118,11,15,-1,elog7209,,,,
119,11,15,-1,,,,,
120,11,15,-1,,,,,
121,11,15,-1,,,,,
122,11,15,-1,,,,,
123,11,15,-1,,,,,
124,11,15,-1,,,,,
125,11,15,-1,,,,,
126,11,15,-1,,,,,
127,11,15,-1,,,,,
128,11,15,-1,,,,,
129,11,15,-1,,,,,
130,11,15,-1,,,,,
131,11,15,-1,,,,,
132,11,15,-1,,,,,
133,11,15,-1,,,,,
134,11,15,-1,,,,,
135,11,15,-1,,,,,
136,11,15,-1,,,,,
137,11,15,-1,,,,,
138,11,15,-1,,,,,
139,11,15,-1,,,,,
140,11,15,-1,,,,,
141,11,15,-1,,,,,
142,11,15,-1,,,,,
143,11,15,-1,,,,,
144,11,15,-1,,,,,
145,11,15,-1,,,,,
146,11,15,-1,,,,,
147,11,15,-1,,,,,
148,11,15,-1,,,,,
149,11,15,-1,,,,,
150,11,15,-1,elog7292,,,,
151,11,15,-1,,,,,
152,11,15,-1,,,,,
153,11,15,-1,,,,,
154,11,15,-1,,,,,
155,0,0,-1,elog7308 and elog7310,,,,
156,0,0,-1,,,,,
157,0,0,-1,,,,,
158,0,0,-1,,,,,
159,0,0,-1,,,,,
160,0,0,-1,,,,,
161,0,0,-1,,,,,
162,0,0,-1,,,,,
163,0,0,-1,,,,,
164,0,0,-1,runLog 164,,,,
165,0,0,-1,runLog 165,,,,
166,0,0,-1,runLog 166,,,,
167,0,0,-1,runLog 167,,,,
168,0,0,-1,runLog 168,,,,
169,0,0,-1,runLog 169,,,,
170,0,0,-1,runLog 170,,,,
171,0,0,-1,runLog 171,,,,
172,0,0,-1,runLog 172,,,,
173,0,0,-1,runLog 173,,,,
174,0,0,-1,runLog 174,,,,
175,0,0,-1,runLog 175,,,,
176,0,0,-1,runLog 176,,,,
177,0,0,-1,runLog 177,,,,
178,0,0,-1,runLog 178,,,,
179,0,0,-1,runLog 179,,,,
180,0,0,-1,runLog 180,,,,
181,0,0,-1,runLog 181,,,,
182,0,0,-1,runLog 182,,,,
183,0,0,-1,runLog 183,,,,
184,0,0,-1,,,,,
185,0,0,-1,,,,,
186,0,0,-1,,,,,
187,0,0,-1,,,,,
188,0,0,-1,,,,,
189,0,0,-1,,,,,
190,0,0,-1,,,,,
191,0,0,-1,,,,,
192,0,0,-1,,,,,
193,0,0,-1,,,,,
194,0,0,-1,,,,,
195,0,0,-1,,,,,
196,0,0,-1,,,,,
197,0,0,-1,,,,,
198,0,0,-1,,,,,
199,0,0,-1,,,,,
200,0,0,-1,,,,,
201,0,0,-1,,,,,
202,0,0,-1,,,,,
203,0,0,-1,,,,,
204,0,0,-1,,,,,
205,0,0,-1,,,,,
206,0,0,-1,,,,,
207,0,0,-1,,,,,
208,0,0,-1,,,,,
209,0,0,-1,,,,,
210,0,0,-1,,,,,
211,0,0,-1,,,,,
212,0,0,-1,,,,,
213,0,0,-1,,,,,
214,0,0,-1,,,,,
215,0,0,-1,,,,,
216,0,0,-1,,,,,
217,0,0,-1,,,,,
218,0,0,-1,,,,,
219,0,0,-1,,,,,
220,0,0,-1,,,,,
221,0,0,-1,,,,,
222,0,0,-1,,,,,
223,0,0,-1,,,,,
224,0,0,-1,,,,,
225,0,0,-1,,,,,
226,0,0,-1,,,,,
227,0,0,-1,,,,,
228,0,0,-1,,,,,
229,0,0,-1,,,,,
230,0,0,-1,,,,,
231,0,0,-1,,,,,
232,0,0,-1,,,,,
233,0,0,-1,,,,,
234,0,0,-1,,,,,
235,0,0,-1,,,,,
236,0,0,-1,,,,,
237,0,0,-1,,,,,
238,0,0,-1,,,,,
239,0,0,-1,,,,,
240,0,0,-1,,,,,
241,0,0,-1,,,,,
242,0,0,-1,,,,,
243,0,0,-1,,,,,
244,0,0,-1,,,,,
245,0,0,-1,,,,,
246,0,0,-1,,,,,
247,0,0,-1,,,,,
248,0,0,-1,,,,,
249,0,0,-1,,,,,
250,0,0,-1,,,,,
251,0,0,-1,,,,,
252,0,0,-1,,,,,
253,0,0,-1,,,,,
254,0,0,-1,,,,,
255,0,0,-1,,,,,
256,0,0,-1,,,,,
257,0,0,-1,,,,,
258,0,0,-1,,,,,
259,0,0,-1,,,,,
260,0,0,-1,,,,,
261,0,0,-1,,,,,
262,0,0,-1,,,,,
263,0,0,-1,,,,,
264,0,0,-1,,,,,
265,0,0,-1,,,,,
266,0,0,-1,,,,,
267,0,0,-1,,,,,
268,0,0,-1,,,,,
269,0,0,-1,,,,,
270,0,0,-1,,,,,
271,0,0,-1,,,,,
272,0,0,-1,,,,,
273,0,0,-1,,,,,
274,0,0,-1,,,,,
275,0,0,-1,,,,,
276,0,0,-1,,,,,
277,0,0,-1,,,,,
278,0,0,-1,,,,,
279,0,0,-1,,,,,
280,0,0,-1,,,,,
281,0,0,-1,,,,,
282,0,0,-1,,,,,
283,0,0,-1,,,,,
284,0,0,-1,,,,,
285,0,0,-1,,,,,
286,0,0,-1,,,,,
287,0,0,-1,,,,,
288,0,0,-1,,,,,
289,0,0,-1,,,,,
290,0,0,-1,,,,,
291,0,0,-1,,,,,
292,0,0,-1,,,,,
293,0,0,-1,,,,,
294,0,0,-1,,,,,
295,0,0,-1,,,,,
296,0,0,-1,,,,,
297,0,0,-1,,,,,
298,0,0,-1,,,,,
299,0,0,-1,,,,,
300,0,0,-1,,,,,
301,0,0,-1,,,,,
302,0,0,-1,,,,,
303,0,0,-1,,,,,
304,0,0,-1,,,,,
305,0,0,-1,,,,,
306,0,0,-1,,,,,
307,0,0,-1,,,,,
308,0,0,-1,,,,,
309,0,0,-1,,,,,
310,0,0,-1,,,,,
311,0,0,-1,,,,,
312,0,0,-1,,,,,
313,0,0,-1,,,,,
314,0,0,-1,,,,,
315,0,0,-1,,,,,
316,0,0,-1,,,,,
317,0,0,-1,,,,,
318,0,0,-1,,,,,
319,0,0,-1,,,,,
320,0,0,-1,,,,,
321,0,0,-1,,,,,
322,0,0,-1,,,,,
323,0,0,-1,,,,,
324,0,0,-1,,,,,
325,0,0,-1,,,,,
326,0,0,-1,,,,,
327,0,0,-1,,,,,
328,0,0,-1,,,,,
329,0,0,-1,,,,,
330,0,0,-1,,,,,
331,0,0,-1,,,,,
332,0,0,-1,,,,,
333,0,0,-1,,,,,
334,0,0,-1,,,,,
335,0,0,-1,,,,,
336,0,0,-1,,,,,
337,0,0,-1,,,,,
338,0,0,-1,,,,,
339,0,0,-1,,,,,
340,0,0,-1,,,,,
341,0,0,-1,,,,,
342,0,0,-1,,,,,
343,0,0,-1,,,,,
344,0,0,-1,,,,,
345,0,0,-1,,,,,
346,0,0,-1,,,,,
347,0,0,-1,,,,,
348,0,0,-1,,,,,
349,0,0,-1,,,,,
350,0,0,-1,,,,,
351,0,0,-1,,,,,
352,0,0,-1,,,,,
353,0,0,-1,,,,,
354,0,0,-1,,,,,
355,0,0,-1,,,,,
356,0,0,-1,,,,,
357,0,0,-1,,,,,
358,0,0,-1,,,,,
359,0,0,-1,,,,,
360,0,0,-1,,,,,
361,0,0,-1,,,,,
362,0,0,-1,,,,,
363,0,0,-1,,,,,
364,0,0,-1,,,,,
365,0,0,-1,,,,,
366,0,0,-1,,,,,
367,0,0,-1,,,,,
368,0,0,-1,,,,,
369,0,0,-1,,,,,
370,0,0,-1,,,,,
371,0,0,-1,,,,,
372,0,0,-1,,,,,
373,0,0,-1,,,,,
374,0,0,-1,,,,,
375,0,0,-1,,,,,
376,0,0,-1,,,,,
377,0,0,-1,,,,,
378,0,0,-1,,,,,
379,0,0,-1,,,,,
380,0,0,-1,,,,,
381,0,0,-1,,,,,
382,0,0,-1,,,,,
383,0,0,-1,,,,,
384,0,0,-1,,,,,
385,0,0,-1,,,,,
386,0,0,-1,,,,,
387,0,0,-1,,,,,
388,0,0,-1,,,,,
389,0,0,-1,,,,,
390,0,0,-1,,,,,
391,0,0,-1,,,,,
392,0,0,-1,,,,,
393,0,0,-1,,,,,
394,0,0,-1,,,,,
395,0,0,-1,,,,,
396,0,0,-1,,,,,
397,0,0,-1,,,,,
398,0,0,-1,,,,,
399,0,0,-1,,,,,
400,0,0,-1,,,,,
401,0,0,-1,,,,,
402,0,0,-1,,,,,
403,0,0,-1,,,,,
404,0,0,-1,,,,,
405,0,0,-1,,,,,
406,0,0,-1,,,,,
407,0,0,-1,,,,,
408,0,0,-1,,,,,
409,0,0,-1,,,,,
410,0,0,-1,,,,,
411,0,0,-1,,,,,
412,0,0,-1,,,,,
413,0,0,-1,,,,,
414,0,0,-1,,,,,
415,0,0,-1,,,,,
416,0,0,-1,,,,,
417,0,0,-1,,,,,
418,0,0,-1,,,,,
419,0,0,-1,,,,,
420,0,0,-1,,,,,
421,0,0,-1,,,,,
422,0,0,-1,,,,,
423,0,0,-1,,,,,
424,0,0,-1,,,,,
425,0,0,-1,,,,,
426,0,0,-1,,,,,
427,0,0,-1,,,,,
428,0,0,-1,,,,,
429,0,0,-1,,,,,
430,0,0,-1,,,,,
431,0,0,-1,,,,,
432,0,0,-1,,,,,
433,0,0,-1,,,,,
434,0,0,-1,,,,,
435,0,0,-1,,,,,
436,0,0,-1,,,,,
437,0,0,-1,,,,,
438,0,0,-1,,,,,
439,0,0,-1,,,,,
440,0,0,-1,,,,,
441,0,0,-1,,,,,
442,0,0,-1,,,,,
443,0,0,-1,,,,,
444,0,0,-1,,,,,
445,0,0,-1,,,,,
446,0,0,-1,,,,,
447,0,0,-1,,,,,
448,0,0,-1,,,,,
449,0,0,-1,,,,,
450,0,0,-1,,,,,
451,0,0,-1,,,,,
452,0,0,-1,,,,,
453,0,0,-1,,,,,
454,0,0,-1,,,,,
455,0,0,-1,,,,,
456,0,0,-1,,,,,
457,0,0,-1,,,,,
458,0,0,-1,,,,,
459,0,0,-1,,,,,
460,0,0,-1,,,,,
461,0,0,-1,,,,,
462,0,0,-1,,,,,
463,0,0,-1,,,,,
464,0,0,-1,,,,,
465,0,0,-1,,,,,
466,0,0,-1,,,,,
467,0,0,-1,,,,,
468,0,0,-1,,,,,
469,0,0,-1,,,,,
470,0,0,-1,,,,,
471,0,0,-1,,,,,
472,0,0,-1,,,,,
473,0,0,-1,,,,,
474,0,0,-1,,,,,
475,0,0,-1,,,,,
476,0,0,-1,,,,,
477,0,0,-1,,,,,
478,0,0,-1,,,,,
479,0,0,-1,,,,,
480,0,0,-1,,,,,
481,0,0,-1,,,,,
482,0,0,-1,,,,,
483,0,0,-1,,,,,
484,0,0,-1,,,,,
485,0,0,-1,,,,,
486,0,0,-1,,,,,
487,0,0,-1,,,,,
488,0,0,-1,,,,,
489,0,0,-1,,,,,
490,0,0,-1,,,,,
491,0,0,-1,,,,,
492,0,0,-1,,,,,
493,0,0,-1,,,,,
494,0,0,-1,,,,,
495,0,0,-1,,,,,
496,0,0,-1,,,,,
497,0,0,-1,,,,,
498,0,0,-1,,,,,
499,0,0,-1,,,,,
500,0,0,-1,,,,,
501,0,0,-1,,,,,
502,0,0,-1,,,,,
503,0,0,-1,,,,,
504,0,0,-1,,,,,
505,0,0,-1,,,,,
506,7,14,-1,elog7607 and elog7610,,,,
507,7,14,-1,,,,,
508,7,14,-1,,,,,
509,7,14,-1,,,,,
510,8,11,-1,elog7613,,,,
511,8,11,-1,,,,,
512,8,11,-1,,,,,
513,8,11,-1,,,,,
514,8,11,-1,,,,,
515,8,11,-1,,,,,
516,8,11,-1,,,,,
517,8,11,-1,,,,,
518,8,11,-1,,,,,
519,8,11,-1,,,,,
520,8,11,-1,,,,,
521,8,11,-1,,,,,
522,8,11,-1,,,,,
523,8,11,-1,,,,,
524,8,11,-1,,,,,
525,8,11,-1,,,,,
526,8,11,-1,,,,,
527,8,11,-1,,,,,
528,8,11,-1,,,,,
529,8,11,-1,,,,,
530,8,11,-1,,,,,
531,8,11,-1,,,,,
532,8,11,-1,,,,,
533,8,11,-1,,,,,
534,8,11,-1,,,,,
535,8,11,-1,,,,,
536,8,11,-1,,,,,
537,8,11,-1,,,,,
538,8,11,-1,,,,,
539,8,11,-1,,,,,
540,8,11,-1,,,,,
541,8,11,-1,,,,,
542,8,11,-1,,,,,
543,8,11,-1,,,,,
544,8,11,-1,,,,,
545,8,11,-1,,,,,
546,8,11,-1,,,,,
547,8,11,-1,elog7649,,,,
548,8,11,-1,,,,,
549,8,11,-1,,,,,
550,8,11,-1,,,,,
551,8,11,-1,,,,,
552,8,11,-1,,,,,
553,8,11,-1,,,,,
554,8,11,-1,,,,,
555,8,11,-1,,,,,
556,8,11,-1,,,,,
557,8,11,-1,,,,,
558,8,11,-1,,,,,
559,8,11,-1,,,,,
560,8,11,-1,,,,,
561,11,14,-1,runLog 561,,,,
562,11,14,-1,runLog 562,,,,
563,11,15,-1,runLog 563,,,,
564,11,15,-1,runLog 564,,,,
565,13,16,-1,runLog 565,,,,
566,14,17,-1,runLog 566,,,,
567,15,18,-1,runLog 567,,,,
568,9,11,-1,runLog 568,,,,
569,9,11,-1,runLog 569,,,,
570,9,11,-1,runLog 570,,,,
571,9,11,-1,runLog 571,,,,
572,10,12,-1,runLog 572,,,,
573,10,13,-1,runLog 573,,,,
574,11,14,-1,runLog 574,,,,
575,12,15,-1,runLog 575,,,,
576,13,16,-1,runLog 576,,,,
577,14,17,-1,runLog 577,,,,
578,12,15,-1,runLog 578,,,,
579,12,15,-1,,,,,
580,12,15,-1,,,,,
581,12,15,-1,,,,,
582,12,15,-1,,,,,
583,12,15,-1,,,,,
584,12,15,-1,,,,,
585,12,15,-1,,,,,
586,12,15,-1,,,,,
587,12,15,-1,elog7682,,,,
588,0,0,0,runLog 588,,,,
589,0,0,0,,,,,
590,0,0,0,,,,,
591,0,0,0,,,,,
592,0,0,0,,,,,
593,0,0,0,,,,,
594,0,0,0,,,,,
595,9,11,-1,runLog 595,,,,
596,9,11,-1,runLog 596,,,,
597,9,11,-1,runLog 597,,,,
598,9,11,-1,runLog 598,,,,
599,9,11,-1,runLog 599,,,,
600,9,11,-1,runLog 600,,,,
601,9,11,-1,runLog 601,,,,
602,9,11,-1,runLog 602,,,,
603,9,11,-1,runLog 603,,,,
604,9,11,-1,runLog 604,,,,
605,9,11,-1,runLog 605,,,,
606,9,11,-1,runLog 606,,,,
607,9,11,-1,runLog 607,,,,
608,9,11,-1,runLog 608,,,,
609,9,11,-1,runLog 609,,,,
610,9,11,-1,runLog 610,,,,
611,9,11,-1,runLog 611,,,,
612,9,11,-1,runLog 612,,,,
613,9,11,-1,runLog 613,,,,
614,9,11,-1,runLog 614,,,,
615,9,11,-1,runLog 615,,,,
616,9,11,-1,runLog 616,,,,
617,9,11,-1,runLog 617,,,,
618,9,11,-1,runLog 618,,,,
619,9,11,-1,runLog 619,,,,
620,9,11,-1,runLog 620,,,,
621,9,11,-1,runLog 621,,,,
622,9,11,-1,runLog 622,,,,
623,9,11,-1,runLog 623,,,,
624,9,11,-1,runLog 624,,,,
625,9,11,-1,runLog 625,,,,
626,9,11,-1,runLog 626,,,,
627,9,11,-1,runLog 627,,,,
628,9,11,-1,runLog 628,,,,
629,9,11,-1,runLog 629,,,,
630,9,11,-1,runLog 630,,,,
631,9,11,-1,runLog 631,,,,
632,9,11,-1,runLog 632,,,,
633,9,11,-1,runLog 633,,,,
634,9,11,-1,runLog 634,,,,
635,9,11,-1,runLog 635,,,,
636,9,11,-1,runLog 636,,,,
637,9,11,-1,runLog 637,,,,
638,9,11,-1,runLog 638,,,,
639,9,11,-1,runLog 639,,,,
640,9,11,-1,runLog 640,,,,
641,9,11,-1,runLog 641,,,,
642,12,15,-1,runLog 642,,,,
643,12,15,-1,runLog 643,,,,
644,12,15,-1,runLog 644,,,,
645,12,15,-1,runLog 645,,,,
646,12,15,-1,runLog 646,,,,
647,16,19,-1,runLog 647,,,,
648,16,19,-1,runLog 648,,,,
649,16,19,-1,runLog 649,,,,
650,16,19,-1,runLog 650,,,,
651,16,19,-1,runLog 651,,,,
652,12,15,-1,runLog 652,,,,
653,12,15,-1,runLog 653,,,,
654,12,15,-1,runLog 654,,,,
655,12,15,-1,runLog 655,,,,
656,12,15,-1,runLog 656,,,,
657,12,15,-1,runLog 657,,,,
658,12,15,-1,runLog 658,,,,
659,12,15,-1,runLog 659,,,,
660,12,15,-1,runLog 660,,,,
661,12,15,-1,runLog 661,,,,
662,12,15,-1,runLog 662,,,,
663,12,15,-1,runLog 663,,,,
664,12,15,-1,runLog 664,,,,
665,12,15,-1,runLog 665,,,,
666,12,15,-1,runLog 666,,,,
667,12,15,-1,runLog 667,,,,
668,12,15,-1,runLog 668,,,,
669,12,15,-1,runLog 669,,,,
670,12,15,-1,runLog 670,,,,
671,12,15,-1,runLog 671,,,,
672,12,15,-1,runLog 672,,,,
673,12,15,-1,runLog 673,,,,
674,12,15,-1,runLog 674,,,,
675,12,15,-1,runLog 675,,,,
676,6,8,-1,runLog 676,,,,
677,6,8,-1,runLog 677,,,,
678,6,8,-1,runLog 678,,,,
679,6,8,-1,runLog 679,,,,
680,6,8,-1,runLog 680,,,,
681,6,8,-1,runLog 681,,,,
682,6,8,-1,runLog 682,,,,
683,6,8,-1,runLog 683,,,,
684,6,8,-1,runLog 684,,,,
685,6,8,-1,runLog 685,,,,
686,6,8,-1,runLog 686,,,,
687,6,8,-1,runLog 687,,,,
688,6,8,-1,runLog 688,,,,
689,6,8,-1,runLog 689,,,,
690,6,8,-1,runLog 690,,,,
691,6,8,-1,runLog 691,,,,
692,6,8,-1,runLog 692,,,,
693,6,8,-1,runLog 693,,,,
694,6,8,-1,runLog 694,,,,
695,6,8,-1,runLog 695,,,,
696,6,8,-1,runLog 696,,,,
697,6,8,-1,runLog 697,,,,
698,13,16,-1,,,,,
699,13,16,-1,elog7784,,,,
700,12,15,-1,runLog 700,,,,
701,12,15,-1,,,,,
702,12,15,-1,,,,,
703,12,15,-1,,,,,
704,12,15,-1,,,,,
705,12,15,-1,,,,,
706,12,15,-1,,,,,
707,12,15,-1,,,,,
708,12,15,-1,,,,,
709,12,15,-1,,,,,
710,12,15,-1,,,,,
711,12,15,-1,,,,,
712,12,15,-1,,,,,
713,12,15,-1,,,,,
714,0,0,-1,elog7844,,,,
715,0,0,-1,,,,,
716,0,0,-1,,,,,
717,0,0,-1,,,,,
718,0,0,-1,,,,,
719,0,0,-1,,,,,
720,0,0,-1,,,,,
721,0,0,-1,,,,,
722,0,0,-1,,,,,
723,0,0,-1,,,,,
724,0,0,-1,,,,,
725,0,0,-1,,,,,
726,0,0,-1,,,,,
727,0,0,-1,,,,,
728,0,0,-1,,,,,
729,0,0,-1,,,,,
730,0,0,-1,,,,,
731,0,0,-1,,,,,
732,0,0,-1,,,,,
733,0,0,-1,,,,,
734,0,0,-1,,,,,
735,0,0,-1,,,,,
736,0,0,-1,,,,,
737,0,0,-1,,,,,
738,0,0,-1,,,,,
739,0,0,-1,,,,,
740,0,0,-1,,,,,
741,0,0,-1,,,,,
742,0,0,-1,,,,,
743,0,0,-1,,,,,
744,0,0,-1,,,,,
745,0,0,-1,,,,,
746,0,0,-1,runLog 746,,,,
747,0,0,-1,,,,,
748,0,0,-1,,,,,
749,0,0,-1,,,,,
750,0,0,-1,,,,,
751,0,0,-1,,,,,
752,0,0,-1,,,,,
753,0,0,-1,,,,,
754,0,0,-1,,,,,
755,0,0,-1,,,,,
756,0,0,-1,,,,,
757,0,0,-1,,,,,
758,0,0,-1,,,,,
759,0,0,-1,,,,,
760,0,0,-1,,,,,
761,12,15,-1,elog7916,,,,
762,12,15,-1,,,,,
763,12,15,-1,,,,,
764,12,15,-1,,,,,
765,12,15,-1,,,,,
766,12,15,-1,,,,,
767,12,15,-1,,,,,
768,12,15,-1,,,,,
769,12,15,-1,,,,,
770,12,15,-1,,,,,
771,12,15,-1,,,,,
772,12,15,-1,,,,,
773,12,15,-1,,,,,
774,12,15,-1,,,,,
775,12,15,-1,elog7933,,,,
776,12,15,-1,,,,,
777,12,15,-1,,,,,
778,12,15,-1,,,,,
779,12,15,-1,,,,,
780,12,15,-1,,,,,
781,12,15,-1,,,,,
782,12,15,-1,,,,,
783,12,15,-1,,,,,
784,12,15,-1,,,,,
785,12,15,-1,,,,,
786,12,15,-1,,,,,
787,12,15,-1,,,,,
788,12,15,-1,,,,,
789,12,15,-1,,,,,
790,12,15,-1,,,,,
791,12,15,-1,elog7948,,,,
792,12,15,-1,,,,,
793,12,15,-1,,,,,
794,12,15,-1,,,,,
795,12,15,-1,,,,,
796,12,15,-1,,,,,
797,12,15,-1,,,,,
798,12,15,-1,,,,,
799,12,15,-1,,,,,
800,12,15,-1,,,,,
801,12,15,-1,,,,,
802,12,15,-1,,,,,
803,12,15,-1,,,,,
804,12,15,-1,,,,,
805,12,15,-1,,,,,
806,12,15,-1,,,,,
807,12,15,-1,,,,,
808,12,15,-1,,,,,
809,12,15,-1,,,,,
810,12,15,-1,,,,,
811,12,15,-1,elog7986,,,,
812,5,10,-1,elog7988,,,,
813,8,13,-1,elog7989,,,,
814,11,16,-1,elog7991,,,,
815,14,19,-1,elog7992,,,,
816,13,18,-1,elog7994,,,,
817,14,19,-1,elog7996,,,,
818,15,20,-1,elog7997,,,,
819,16,21,-1,elog7999,,,,
820,16,21,-1,,,,,
821,17,22,-1,elog8004,,,,
822,12,15,-1,elog8005,,,,
823,12,15,-1,,,,,
824,12,15,-1,,,,,
825,12,15,-1,,,,,
826,12,15,-1,,,,,
827,12,15,-1,,,,,
828,12,15,-1,,,,,
829,12,15,-1,,,,,
830,12,15,-1,,,,,
831,12,15,-1,elog8028,,,,
832,15,18,-1,,,,,
833,15,18,-1,,,,,
834,15,18,-1,,,,,
835,17,20,-1,elog8074,,,,
836,17,20,-1,,,,,
837,12,15,-1,runLog 837,,,,
838,7,10,-1,runLog 838,,,,
839,2,5,-1,runLog 839,,,,
840,0,0,-1,runLog 840,,,,
841,0,0,-1,runLog 841,,,,
842,0,0,-1,runLog 842,,,,
843,17,20,-1,runLog 843,,,,
844,17,20,-1,runLog 844,,,,
845,17,20,-1,runLog 845,,,,
846,17,20,-1,runLog 846,,,,
847,17,20,-1,runLog 847,,,,
848,0,0,-1,runLog 848,,,,
849,0,0,-1,,,,,
850,0,0,-1,,,,,
851,0,0,-1,,,,,
852,0,0,-1,,,,,
853,0,0,-1,,,,,
854,0,0,-1,,,,,
855,0,0,-1,,,,,
856,0,0,-1,,,,,
857,0,0,-1,,,,,
858,0,0,-1,,,,,
859,0,0,-1,,,,,
860,0,0,-1,,,,,
861,0,0,-1,,,,,
862,0,0,-1,,,,,
863,0,0,-1,,,,,
864,0,0,-1,,,,,
865,0,0,-1,,,,,
866,0,0,-1,,,,,
867,0,0,-1,,,,,
868,0,0,-1,,,,,
869,0,0,-1,,,,,
870,0,0,-1,,,,,
871,0,0,-1,,,,,
872,0,0,-1,,,,,
873,0,0,-1,,,,,
874,0,0,-1,,,,,
875,0,0,-1,,,,,
876,0,0,-1,,,,,
877,0,0,-1,,,,,
878,0,0,-1,,,,,
879,0,0,-1,,,,,
880,0,0,-1,,,,,
881,0,0,-1,,,,,
882,0,0,-1,,,,,
883,0,0,-1,,,,,
884,0,0,-1,,,,,
885,0,0,-1,,,,,
886,0,0,-1,,,,,
887,0,0,-1,,,,,
888,0,0,-1,,,,,
889,0,0,-1,,,,,
890,0,0,-1,,,,,
891,0,0,-1,,,,,
892,0,0,-1,,,,,
893,0,0,-1,,,,,
894,0,0,-1,,,,,
895,0,0,-1,,,,,
896,0,0,-1,,,,,
897,0,0,-1,,,,,
898,0,0,-1,,,,,
899,0,0,-1,,,,,
900,0,0,-1,,,,,
901,0,0,-1,,,,,
902,0,0,-1,,,,,
903,0,0,-1,,,,,
904,0,0,-1,,,,,
905,0,0,-1,,,,,
906,0,0,-1,,,,,
907,0,0,-1,,,,,
908,0,0,-1,,,,,
909,0,0,-1,,,,,
910,0,0,-1,,,,,
911,0,0,-1,,,,,
912,0,0,-1,,,,,
913,0,0,-1,,,,,
914,0,0,-1,,,,,
915,0,0,-1,,,,,
916,0,0,-1,,,,,
917,0,0,-1,,,,,
918,0,0,-1,,,,,
919,0,0,-1,,,,,
920,0,0,-1,,,,,
921,0,0,-1,,,,,
922,0,0,-1,,,,,
923,0,0,-1,,,,,
924,0,0,-1,,,,,
925,0,0,-1,,,,,
926,0,0,-1,,,,,
927,0,0,-1,,,,,
928,0,0,-1,,,,,
929,0,0,-1,,,,,
930,0,0,-1,,,,,
931,0,0,-1,,,,,
932,0,0,-1,,,,,
933,0,0,-1,,,,,
934,0,0,-1,,,,,
935,0,0,-1,,,,,
936,0,0,-1,,,,,
937,0,0,-1,,,,,
938,0,0,-1,,,,,
939,0,0,-1,,,,,
940,0,0,-1,,,,,
941,0,0,-1,,,,,
942,0,0,-1,,,,,
943,0,0,-1,,,,,
944,0,0,-1,,,,,
945,0,0,-1,,,,,
946,0,0,-1,,,,,
947,0,0,-1,,,,,
948,0,0,-1,,,,,
949,0,0,-1,,,,,
950,0,0,-1,,,,,
951,0,0,-1,,,,,
952,0,0,-1,,,,,
953,0,0,-1,,,,,
954,0,0,-1,,,,,
955,0,0,-1,,,,,
956,0,0,-1,,,,,
957,0,0,-1,,,,,
958,0,0,-1,,,,,
959,0,0,-1,,,,,
960,0,0,-1,,,,,
961,0,0,-1,,,,,
962,0,0,-1,,,,,
963,0,0,-1,,,,,
964,0,0,-1,,,,,
965,0,0,-1,,,,,
966,0,0,-1,,,,,
967,0,0,-1,,,,,
968,0,0,-1,,,,,
969,0,0,-1,,,,,
970,0,0,-1,,,,,
971,0,0,-1,,,,,
972,0,0,-1,,,,,
973,0,0,-1,,,,,
974,0,0,-1,,,,,
975,0,0,-1,,,,,
976,0,0,-1,,,,,
977,0,0,-1,,,,,
978,0,0,-1,,,,,
979,0,0,-1,,,,,
980,0,0,-1,,,,,
981,0,0,-1,,,,,
982,0,0,-1,,,,,
983,0,0,-1,,,,,
984,0,0,-1,,,,,
985,0,0,-1,,,,,
986,0,0,-1,,,,,
987,0,0,-1,,,,,
988,0,0,-1,,,,,
989,0,0,-1,,,,,
990,0,0,-1,,,,,
991,0,0,-1,,,,,
992,0,0,-1,,,,,
993,0,0,-1,,,,,
994,0,0,-1,,,,,
995,0,0,-1,,,,,
996,0,0,-1,,,,,
997,0,0,-1,,,,,
998,0,0,-1,,,,,
999,0,0,-1,,,,,
1000,0,0,-1,,,,,
1001,0,0,-1,,,,,
1002,0,0,-1,,,,,
1003,0,0,-1,,,,,
1004,0,0,-1,,,,,
1005,0,0,-1,,,,,
1006,0,0,-1,,,,,
1007,0,0,-1,,,,,
1008,0,0,-1,,,,,
1009,0,0,-1,,,,,
1010,0,0,-1,,,,,
1011,0,0,-1,,,,,
1012,0,0,-1,,,,,
1013,0,0,-1,,,,,
1014,0,0,-1,,,,,
1015,0,0,-1,,,,,
1016,0,0,-1,,,,,
1017,0,0,-1,,,,,
1018,0,0,-1,,,,,
1019,0,0,-1,,,,,
1020,0,0,-1,,,,,
1021,0,0,-1,,,,,
1022,0,0,-1,,,,,
1023,0,0,-1,,,,,
1024,0,0,-1,,,,,
1025,0,0,-1,,,,,
1026,0,0,-1,,,,,
1027,0,0,-1,,,,,
1028,0,0,-1,,,,,
1029,0,0,-1,,,,,
1030,0,0,-1,,,,,
1031,0,0,-1,,,,,
1032,0,0,-1,,,,,
1033,0,0,-1,,,,,
1034,0,0,-1,,,,,
1035,0,0,-1,,,,,
1036,0,0,-1,,,,,
1037,0,0,-1,,,,,
1038,0,0,-1,,,,,
1039,0,0,-1,,,,,
1040,0,0,-1,,,,,
1041,0,0,-1,,,,,
1042,0,0,-1,,,,,
1043,0,0,-1,,,,,
1044,0,0,-1,,,,,
1045,0,0,-1,,,,,
1046,0,0,-1,,,,,
1047,0,0,-1,,,,,
1048,0,0,-1,,,,,
1049,0,0,-1,,,,,
1050,0,0,-1,,,,,
1051,0,0,-1,,,,,
1052,0,0,-1,,,,,
1053,0,0,-1,,,,,
1054,0,0,-1,,,,,
1055,0,0,-1,,,,,
1056,0,0,-1,,,,,
1057,0,0,-1,,,,,
1058,0,0,-1,,,,,
1059,0,0,-1,,,,,
1060,0,0,-1,,,,,
1061,0,0,-1,,,,,
1062,0,0,-1,,,,,
1063,0,0,-1,,,,,
1064,0,0,-1,,,,,
1065,0,0,-1,,,,,
1066,0,0,-1,,,,,
1067,0,0,-1,,,,,
1068,0,0,-1,,,,,
1069,0,0,-1,,,,,
1070,11,14,-1,elog8367,,,,
1071,11,14,-1,,,,,
1072,11,14,-1,,,,,
1073,17,20,-1,elog8375,,,,
1074,17,20,-1,,,,,
1075,17,20,-1,,,,,
1076,17,20,-1,,,,,
1077,17,20,-1,,,,,
1078,12,15,-1,elog8378,,,,
1079,12,15,-1,,,,,
1080,12,15,-1,,,,,
1081,12,15,-1,,,,,
1082,12,15,-1,,,,,
1083,12,15,-1,,,,,
1084,12,15,-1,,,,,
1085,12,15,-1,,,,,
1086,12,15,-1,,,,,
1087,12,15,-1,,,,,
1088,12,15,-1,,,,,
1089,12,15,-1,,,,,
1090,12,15,-1,,,,,
1091,12,15,-1,,,,,
1092,12,15,-1,,,,,
1093,12,15,-1,,,,,
1094,12,15,-1,,,,,
1095,12,15,-1,,,,,
1096,12,15,-1,,,,,
1097,12,15,-1,,,,,
1098,12,15,-1,,,,,
1099,12,15,-1,,,,,
1100,12,15,-1,,,,,
1101,12,15,-1,,,,,
1102,12,15,-1,,,,,
1103,12,15,-1,,,,,
1104,12,15,-1,,,,,
1105,12,15,-1,elog8426,,,,
1106,12,15,-1,,,,,
1107,12,15,-1,,,,,
1108,12,15,-1,,,,,
1109,12,15,-1,,,,,
1110,12,15,-1,,,,,
1111,12,15,-1,,,,,
1112,17,20,-1,elog8479,,,,
1113,17,20,-1,,,,,
1114,17,20,-1,,,,,
1115,17,20,-1,elog8489,,,,
1116,17,20,-1,,,,,
1117,17,20,-1,,,,,
1118,17,20,-1,,,,,
1119,17,20,-1,,,,,
1120,17,20,-1,,,,,
1121,17,20,-1,,,,,
1122,17,20,-1,,,,,
1123,15,18,-1,elog8502,,,,
1124,15,18,-1,,,,,
1125,15,18,-1,,,,,
1126,15,18,-1,,,,,
1127,15,18,-1,,,,,
1128,15,18,-1,,,,,
1129,15,18,-1,,,,,
1130,12,15,-1,elog8523,,,,
1131,13,16,-1,elog8525,,,,
1132,13,16,-1,,,,,
1133,13,16,-1,,,,,
1134,13,16,-1,,,,,
1135,13,16,-1,,,,,
1136,13,16,-1,,,,,
1137,13,16,-1,,,,,
1138,13,16,-1,,,,,
1139,13,16,-1,,,,,
1140,13,16,-1,,,,,
1141,13,16,-1,,,,,
1142,13,16,-1,,,,,
1143,5,8,-1,elog8546,,,,
1144,5,8,-1,,,,,
1145,5,8,-1,,,,,
1146,5,8,-1,,,,,
1147,5,8,-1,,,,,
1148,17,20,-1,elog8561,,,,
1149,17,20,-1,,,,,
1150,17,20,-1,,,,,
1151,17,20,-1,,,,,
1152,14,17,-1,elog8568,,,,
1153,14,17,-1,,,,,
1154,17,20,-1,elog8580,,,,
1155,17,20,-1,,,,,
1156,12,15,-1,elog8584,,,,
1157,12,15,-1,,,,,
1158,12,15,-1,,,,,
1159,12,15,-1,,,,,
1160,14,17,-1,elog8646,,,,
1161,14,17,-1,,,,,
1162,14,17,-1,,,,,
1163,14,17,-1,,,,,
1164,5,8,-1,elog8663,,,,
1165,5,8,-1,,,,,
1166,12,15,-1,elog8668,,,,
1167,16,19,-1,elog8677,,,,
1168,16,19,-1,,,,,
1169,16,19,-1,,,,,
1170,16,19,-1,,,,,
1171,16,19,-1,,,,,
1172,16,19,-1,,,,,
1173,16,19,-1,,,,,
1174,16,19,-1,,,,,
1175,16,19,-1,,,,,
1176,12,15,-1,elog8722,,,,
1177,12,15,-1,,,,,
1178,12,15,-1,,,,,
1179,12,15,-1,,,,,
1180,12,15,-1,,,,,
1181,12,15,-1,,,,,
1182,12,15,-1,,,,,
1183,12,15,-1,,,,,
1184,12,15,-1,,,,,
1185,12,15,-1,,,,,
1186,12,15,-1,,,,,
1187,10,13,-1,elog8763,,,,
1188,10,13,-1,,,,,
1189,10,13,-1,,,,,
1190,10,13,-1,,,,,
1191,10,13,-1,,,,,
1192,10,13,-1,,,,,
1193,10,13,-1,,,,,
1194,12,15,-1,,,,,
1195,12,15,-1,,,,,
1196,12,15,-1,,,,,
1197,20,23,-1,elog8826,,,,
1198,17,20,-1,,,,,
1199,17,20,-1,,,,,
1200,17,20,-1,,,,,
1201,17,20,-1,,,,,
1202,17,20,-1,,,,,
1203,17,20,-1,,,,,
1204,17,20,-1,,,,,
1205,17,20,-1,,,,,
1206,17,20,-1,,,,,
1207,17,20,-1,,,,,
1208,17,20,-1,,,,,
1209,17,20,-1,,,,,
1210,17,20,-1,,,,,
1211,17,20,-1,,,,,
1212,17,20,-1,,,,,
1213,17,20,-1,,,,,
1214,17,20,-1,,,,,
1215,17,20,-1,,,,,
1216,17,20,-1,,,,,
1217,17,20,-1,,,,,
1218,17,20,-1,,,,,
1219,17,20,-1,,,,,
1220,17,20,-1,,,,,
1221,17,20,-1,,,,,
1222,17,20,-1,,,,,
1223,17,20,-1,,,,,
1224,17,20,-1,,,,,
1225,17,20,-1,,,,,
1226,17,20,-1,,,,,
1227,17,20,-1,,,,,
1228,17,20,-1,,,,,
1229,17,20,-1,,,,,
1230,17,20,-1,,,,,
1231,17,20,-1,,,,,
1232,17,20,-1,,,,,
1233,17,20,-1,,,,,
1234,17,20,-1,,,,,
1235,17,20,-1,,,,,
1236,17,20,-1,,,,,
1237,17,20,-1,elog8850,,,,
1238,17,20,-1,,,,,
1239,17,20,-1,,,,,
1240,17,20,-1,,,,,
1241,0,0,-1,elog8855,,,,
1242,0,0,-1,,,,,
1243,0,0,-1,,,,,
1244,12,15,-1,elog8864,,,,
1245,14,17,-1,elog8866,,,,
1246,0,0,-1,elog8903,,,,
1247,0,0,-1,,,,,
1248,0,0,-1,,,,,
1249,0,0,-1,,,,,
1250,0,0,-1,,,,,
1251,0,0,-1,,,,,
1252,0,0,-1,,,,,
1253,0,0,-1,,,,,
1254,0,0,-1,,,,,
1255,0,0,-1,,,,,
1256,0,0,-1,,,,,
1257,0,0,-1,,,,,
1258,0,0,-1,,,,,
1259,0,0,-1,,,,,
1260,0,0,-1,,,,,
1261,0,0,-1,,,,,
1262,0,0,-1,,,,,
1263,0,0,-1,,,,,
1264,0,0,-1,,,,,
1265,0,0,-1,,,,,
1266,0,0,-1,,,,,
1267,13,16,-1,,,,,
1268,13,16,-1,elog8926,,,,
1269,14,17,-1,elog8938,,,,
1270,14,17,-1,,,,,
1271,14,17,-1,,,,,
1272,15,18,-1,elog8955,,,,
1273,15,18,-1,,,,,
1274,15,18,-1,,,,,
1275,15,18,-1,,,,,
1276,15,18,-1,,,,,
1277,15,18,-1,,,,,
1278,15,18,-1,,,,,
1279,15,18,-1,runLog 1279,,,,
1280,15,18,-1,runLog 1280,,,,
1281,15,18,-1,runLog 1281,,,,
1282,15,18,-1,runLog 1282,,,,
1283,15,18,-1,runLog 1283,,,,
1284,15,18,-1,runLog 1284,,,,
1285,15,18,-1,runLog 1285,,,,
1286,15,18,-1,runLog 1286,,,,
1287,13,16,-1,runLog 1287,,,,
1288,11,14,-1,runLog 1288,,,,
1289,9,12,-1,runLog 1289,,,,
1290,7,10,-1,runLog 1290,,,,
1291,5,8,-1,runLog 1291,,,,
1292,3,6,-1,runLog 1292,,,,
1293,4,7,-1,runLog 1293,,,,
1294,6,9,-1,runLog 1294,,,,
1295,7,10,-1,runLog 1295,,,,
1296,8,11,-1,runLog 1296,,,,
1297,10,13,-1,runLog 1297,,,,
1298,12,15,-1,runLog 1298,,,,
1299,14,17,-1,runLog 1299,,,,
1300,15,18,-1,runLog 1300,,,,
1301,15,18,-1,runLog 1301,,,,
1302,13,16,-1,runLog 1302,,,,
1303,11,14,-1,runLog 1303,,,,
1304,9,12,-1,runLog 1304,,,,
1305,7,10,-1,runLog 1305,,,,
1306,5,8,-1,runLog 1306,,,,
1307,5,8,-1,runLog 1307,,,,
1308,3,6,-1,runLog 1308,,,,
1309,15,18,-1,runLog 1309,,,,
1310,13,16,-1,runLog 1310,,,,
1311,13,16,-1,runLog 1311,,,,
1312,13,16,-1,runLog 1312,,,,
1313,13,16,-1,runLog 1313,,,,
1314,13,16,-1,runLog 1314,,,,
1315,13,16,-1,runLog 1315,,,,
1316,13,16,-1,runLog 1316,,,,
1317,13,16,-1,runLog 1317,,,,
1318,13,16,-1,runLog 1318,,,,
1319,13,16,-1,runLog 1319,,,,
1320,13,16,-1,runLog 1320,,,,
1321,13,16,-1,runLog 1321,,,,
1322,13,16,-1,runLog 1322,,,,
1323,5,8,-1,runLog 1323,,,,
1324,5,8,-1,runLog 1324,,,,
1325,12,15,-1,elog9007,,,,
1326,13,16,-1,,,,,
1327,13,16,-1,,,,,
1328,19,22,-1,elog9034,,,,
1329,11,14,-1,elog9039,,,,
1330,11,14,-1,,,,,
1331,15,18,-1,elog9041,,,,
1332,12,15,-1,elog9043,,,,
1333,20,23,-1,,,,,
1334,0,0,-1,elog9051,,,,
1335,0,0,-1,,,,,
1336,0,0,-1,,,,,
1337,0,0,-1,,,,,
1338,0,0,-1,,,,,
1339,0,0,-1,,,,,
1340,0,0,-1,,,,,
1341,0,0,-1,,,,,
1342,0,0,-1,,,,,
1343,0,0,-1,,,,,
1344,0,0,-1,,,,,
1345,15,18,-1,elog9080,,,,
1346,15,18,-1,,,,,
1347,15,18,-1,,,,,
1348,15,18,-1,,,,,
1349,15,18,-1,,,,,
1350,15,18,-1,,,,,
1351,15,18,-1,,,,,
1352,15,18,-1,,,,,
1353,15,18,-1,elog9080,,,,
1354,15,18,-1,,,,,
1355,15,18,-1,,,,,
1356,15,18,-1,,,,,
1357,15,18,-1,,,,,
1358,15,18,-1,,,,,
1359,13,18,-1,elog9097,,,,
1360,13,18,-1,,,,,
1361,13,18,-1,,,,,
1362,13,18,-1,,,,,
1363,13,18,-1,,,,,
1364,13,18,-1,,,,,
1365,13,18,-1,,,,,
1366,13,18,-1,,,,,
1367,13,18,-1,,,,,
1368,13,18,-1,,,,,
1369,13,18,-1,,,,,
1370,13,18,-1,,,,,
1371,13,18,-1,,,,,
1372,13,18,-1,,,,,
1373,13,18,-1,,,,,
1374,13,18,-1,,,,,
1375,13,18,-1,,,,,
1376,13,18,-1,,,,,
1377,13,18,-1,,,,,
1378,13,18,-1,,,,,
1379,13,18,-1,,,,,
1380,15,18,-1,elog9136,,,,
1381,15,18,-1,,,,,
1382,15,18,-1,,,,,
1383,15,18,-1,,,,,
1384,15,18,-1,,,,,
1385,15,18,-1,,,,,
1386,15,18,-1,,,,,
1387,16,23,-1,elog9148,,,,
1388,16,23,-1,,,,,
1389,16,23,-1,,,,,
1390,16,23,-1,,,,,
1391,17,24,-1,elog9157,,,,
1392,15,21,-1,elog9163,,,,
1393,16,22,-1,elog9167,,,,
1394,16,22,-1,,,,,
1395,16,22,-1,,,,,
1396,11,18,-1,elog9190,,,,
1397,11,18,-1,,,,,
1398,11,18,-1,,,,,
1399,11,18,-1,,,,,
1400,11,18,-1,,,,,
1401,11,18,-1,,,,,
1402,11,18,-1,,,,,
1403,11,18,-1,,,,,
1404,11,18,-1,,,,,
1405,11,18,-1,,,,,
1406,11,18,-1,,,,,
1407,11,18,-1,,,,,
1408,11,18,-1,,,,,
1409,11,18,-1,,,,,
1410,11,18,-1,,,,,
1411,11,18,-1,,,,,
1412,11,18,-1,,,,,
1413,11,18,-1,,,,,
1414,11,18,-1,,,,,
1415,11,18,-1,,,,,
1416,11,18,-1,,,,,
1417,11,18,-1,,,,,
1418,11,18,-1,,,,,
1419,11,18,-1,,,,,
1420,11,18,-1,,,,,
1421,11,18,-1,,,,,
1422,11,18,n,,,,,
1423,11,18,-1,,,,,
1424,11,18,-1,,,,,
1425,11,18,-1,,,,,
1426,11,18,-1,,,,,
1427,11,18,-1,,,,,
1428,11,18,-1,,,,,
1429,11,18,-1,,,,,
1430,11,18,-1,,,,,
1431,11,18,-1,,,,,
1432,11,18,-1,,,,,
1433,11,18,-1,,,,,
1434,11,18,-1,,,,,
1435,11,18,-1,,,,,
1436,11,18,-1,,,,,
1437,14,21,-1,elog9262,,,,
1438,14,21,-1,,,,,
1439,14,21,-1,runLog 1439,,,,
1440,14,21,-1,runLog 1440,,,,
1441,14,21,-1,runLog 1441,,,,
1442,14,21,-1,runLog 1442,,,,
1443,14,21,-1,runLog 1443,,,,
1444,14,21,-1,runLog 1444,,,,
1445,11,18,-1,runLog 1445,,,,
1446,11,18,-1,runLog 1446,,,,
1447,11,18,-1,runLog 1447,,,,
1448,11,18,-1,runLog 1448,,,,
1449,0,0,-1,runLog 1449,,,,
1450,0,0,-1,runLog 1450,,,,
1451,0,0,-1,runLog 1451,,,,
1452,0,0,-1,runLog 1452,,,,
1453,11,8,n,runLog 1453,,,,
1454,5,12,y,runLog 1454,,,,
1455,8,15,y,runLog 1455,,,,
1456,11,18,y,,,,,
1457,11,18,y,,,,,
1458,11,18,-1,elog9311,,,,
1459,11,18,-1,,,,,
1460,11,18,-1,,,,,
1461,11,18,-1,,,,,
1462,11,18,y,,,,,
1463,11,18,-1,,,,,
1464,11,18,-1,,,,,
1465,11,18,-1,,,,,
1466,11,18,-1,,,,,
1467,11,18,-1,,,,,
1468,0,0,-1,elog9373,,,,
1469,0,0,-1,,,,,
1470,0,0,-1,,,,,
1471,0,0,-1,,,,,
1472,0,0,-1,,,,,
1473,0,0,-1,,,,,
1474,0,0,-1,,,,,
1475,0,0,-1,,,,,
1476,0,0,-1,,,,,
1477,0,0,-1,,,,,
1478,0,0,-1,,,,,
1479,0,0,-1,,,,,
1480,0,0,-1,,,,,
1481,0,0,-1,,,,,
1482,0,0,-1,,,,,
1483,0,0,-1,,,,,
1484,0,0,-1,,,,,
1485,0,0,-1,,,,,
1486,0,0,-1,,,,,
1487,0,0,-1,,,,,
1488,15,22,-1,elog9422,,,,
1489,15,22,-1,,,,,
1490,15,22,-1,,,,,
1491,15,22,-1,,,,,
1492,15,22,-1,,,,,
1493,15,22,-1,,,,,
1494,15,22,-1,,,,,
1495,11,18,-1,elog9440,,,,
1496,11,18,-1,,,,,
1497,11,18,-1,,,,,
1498,11,18,-1,,,,,
1499,11,18,-1,,,,,
1500,11,18,-1,,,,,
1501,11,18,-1,,,,,
1502,11,18,-1,,,,,
1503,11,18,-1,,,,,
1504,11,18,-1,,,,,
1505,11,18,-1,,,,,
1506,11,18,-1,,,,,
1507,11,18,-1,,,,,
1508,11,18,-1,,,,,
1509,11,18,-1,,,,,
1510,11,18,-1,,,,,
1511,11,18,-1,,,,,
1512,11,18,-1,,,,,
1513,18,24,-1,elog9469,,,,
1514,17,23,-1,elog9470,,,,
1515,17,24,-1,elog9474,,,,
1516,17,24,-1,,,,,
1517,17,24,-1,,,,,
1518,17,24,-1,,,,,
1519,17,24,-1,,,,,
1520,17,24,-1,,,,,
1521,17,24,-1,,,,,
1522,0,0,-1,,,,,
1523,0,0,-1,,,,,
1524,0,0,-1,,,,,
1525,0,0,-1,,,,,
1526,0,0,-1,,,,,
1527,0,0,-1,,,,,
1528,0,0,-1,,,,,
1529,0,0,-1,,,,,
1530,0,0,-1,,,,,
1531,0,0,-1,,,,,
1532,0,0,-1,,,,,
1533,0,0,-1,,,,,
1534,0,0,-1,,,,,
1535,0,0,-1,,,,,
1536,0,0,-1,,,,,
1537,0,0,-1,,,,,
1538,0,0,-1,,,,,
1539,0,0,-1,,,,,
1540,0,0,-1,,,,,
1541,0,0,-1,,,,,
1542,0,0,-1,,,,,
1543,0,0,-1,,,,,
1544,0,0,-1,,,,,
1545,0,0,-1,,,,,
1546,0,0,-1,,,,,
1547,0,0,-1,,,,,
1548,0,0,-1,,,,,
1549,0,0,-1,,,,,
1550,0,0,-1,,,,,
1551,0,0,-1,,,,,
1552,0,0,-1,,,,,
1553,0,0,-1,,,,,
1554,0,0,-1,,,,,
1555,0,0,-1,,,,,
1556,0,0,-1,,,,,
1557,0,0,-1,,,,,
1558,0,0,-1,,,,,
1559,0,0,-1,,,,,
1560,0,0,-1,,,,,
1561,0,0,-1,,,,,
1562,0,0,-1,,,,,
1563,0,0,-1,,,,,
1564,0,0,-1,,,,,
1565,0,0,-1,,,,,
1566,0,0,-1,,,,,
1567,0,0,-1,,,,,
1568,0,0,-1,,,,,
1569,0,0,-1,,,,,
1570,0,0,-1,,,,,
1571,0,0,-1,,,,,
1572,0,0,-1,,,,,
1573,0,0,-1,,,,,
1574,0,0,-1,,,,,
1575,0,0,-1,,,,,
1576,0,0,-1,,,,,
1577,0,0,-1,,,,,
1578,0,0,-1,,,,,
1579,0,0,-1,,,,,
1580,0,0,-1,,,,,
1581,0,0,-1,,,,,
1582,0,0,-1,,,,,
1583,0,0,-1,,,,,
1584,0,0,-1,,,,,
1585,0,0,-1,,,,,
1586,0,0,-1,,,,,
1587,0,0,-1,,,,,
1588,0,0,-1,,,,,
1589,0,0,-1,,,,,
1590,0,0,-1,,,,,
1591,0,0,-1,,,,,
1592,0,0,-1,,,,,
1593,18,25,-1,elog9537,,,,
1594,18,25,-1,,,,,
1595,16,23,-1,elog9543,,,,
1596,6,13,-1,elog9549,,,,
1597,6,13,-1,,,,,
1598,6,13,-1,,,,,
1599,6,13,-1,,,,,
1600,6,13,-1,,,,,
1601,6,13,-1,,,,,
1602,6,13,-1,,,,,
1603,6,13,-1,,,,,
1604,6,13,-1,,,,,
1605,6,13,-1,,,,,
1606,6,13,-1,,,,,
1607,6,13,-1,,,,,
1608,6,13,-1,,,,,
1609,6,13,-1,,,,,
1610,6,13,-1,,,,,
1611,6,13,-1,,,,,
1612,6,13,-1,,,,,
1613,17,23,-1,elog9561,,,,
1614,0,0,-1,elog9565,,,,
1615,0,0,-1,,,,,
1616,0,0,-1,,,,,
1617,0,0,-1,,,,,
1618,0,0,-1,,,,,
1619,0,0,-1,,,,,
1620,0,0,-1,,,,,
1621,0,0,-1,,,,,
1622,0,0,-1,,,,,
1623,0,0,-1,,,,,
1624,0,0,-1,,,,,
1625,0,0,-1,,,,,
1626,0,0,-1,,,,,
1627,0,0,-1,,,,,
1628,0,0,-1,,,,,
1629,0,0,-1,,,,,
1630,0,0,-1,,,,,
1631,0,0,-1,,,,,
1632,0,0,-1,,,,,
1633,0,0,-1,,,,,
1634,0,0,-1,,,,,
1635,0,0,-1,,,,,
1636,0,0,-1,,,,,
1637,0,0,-1,,,,,
1638,0,0,-1,,,,,
1639,0,0,-1,,,,,
1640,0,0,-1,,,,,
1641,0,0,-1,,,,,
1642,0,0,-1,,,,,
1643,0,0,-1,,,,,
1644,0,0,-1,,,,,
1645,0,0,-1,,,,,
1646,0,0,-1,,,,,
1647,0,0,-1,,,,,
1648,0,0,-1,,,,,
1649,0,0,-1,,,,,
1650,0,0,-1,,,,,
1651,0,0,-1,,,,,
1652,0,0,-1,,,,,
1653,0,0,-1,,,,,
1654,0,0,-1,,,,,
1655,0,0,-1,,,,,
1656,0,0,-1,,,,,
1657,0,0,-1,,,,,
1658,0,0,-1,,,,,
1659,0,0,-1,,,,,
1660,0,0,-1,,,,,
1661,0,0,-1,,,,,
1662,0,0,-1,,,,,
1663,0,0,-1,,,,,
1664,0,0,-1,,,,,
1665,0,0,-1,,,,,
1666,0,0,-1,,,,,
1667,0,0,-1,,,,,
1668,0,0,-1,,,,,
1669,0,0,-1,,,,,
1670,0,0,-1,,,,,
1671,0,0,-1,,,,,
1672,0,0,-1,,,,,
1673,0,0,-1,,,,,
1674,0,0,-1,,,,,
1675,0,0,-1,,,,,
1676,0,0,-1,,,,,
1677,0,0,-1,,,,,
1678,0,0,-1,,,,,
1679,0,0,-1,,,,,
1680,0,0,-1,,,,,
1681,0,0,-1,,,,,
1682,0,0,-1,,,,,
1683,0,0,-1,,,,,
1684,0,0,-1,,,,,
1685,0,0,-1,,,,,
1686,0,0,-1,,,,,
1687,0,0,-1,,,,,
1688,11,18,-1,elog9667,,,,
1689,11,18,-1,,,,,
1690,11,18,-1,,,,,
1691,11,18,-1,,,,,
1692,11,18,-1,,,,,
1693,11,18,-1,,,,,
1694,11,18,-1,,,,,
1695,11,18,-1,,,,,
1696,11,18,-1,,,,,
1697,11,18,-1,,,,,
1698,11,18,-1,,,,,
1699,11,18,-1,,,,,
1700,11,18,-1,,,,,
1701,11,18,-1,,,,,
1702,11,18,-1,,,,,
1703,0,0,-1,elog9719,,,,
1704,0,0,-1,,,,,
1705,0,0,-1,,,,,
1706,0,0,-1,,,,,
1707,0,0,-1,,,,,
1708,0,0,-1,,,,,
1709,0,0,-1,,,,,
1710,0,0,-1,,,,,
1711,0,0,-1,,,,,
1712,0,0,-1,,,,,
1713,0,0,-1,,,,,
1714,0,0,-1,,,,,
1715,0,0,-1,,,,,
1716,0,0,-1,,,,,
1717,0,0,-1,,,,,
1718,0,0,-1,,,,,
1719,0,0,-1,,,,,
1720,0,0,-1,,,,,
1721,0,0,-1,,,,,
1722,0,0,-1,,,,,
1723,0,0,-1,,,,,
1724,0,0,-1,,,,,
1725,0,0,-1,,,,,
1726,0,0,-1,,,,,
1727,0,0,-1,,,,,
1728,0,0,-1,,,,,
1729,0,0,-1,,,,,
1730,0,0,-1,,,,,
1731,0,0,-1,,,,,
1732,0,0,-1,,,,,
1733,0,0,-1,,,,,
1734,0,0,-1,,,,,
1735,0,0,-1,,,,,
1736,0,0,-1,,,,,
1737,0,0,-1,,,,,
1738,0,0,-1,,,,,
1739,0,0,-1,,,,,
1740,0,0,-1,,,,,
1741,0,0,-1,,,,,
1742,0,0,-1,,,,,
1743,0,0,-1,,,,,
1744,0,0,-1,,,,,
1745,0,0,-1,,,,,
1746,0,0,-1,,,,,
1747,11,18,-1,,,,,
1748,11,18,-1,,,,,
1749,11,18,-1,,,,,
1750,11,18,-1,,,,,
1751,11,18,-1,,,,,
1752,11,18,-1,,,,,
1753,11,18,-1,,,,,
1754,11,18,-1,,,,,
1755,11,18,-1,,,,,
1756,11,18,-1,,,,,
1757,11,18,-1,,,,,
1758,11,18,-1,,,,,
1759,11,18,-1,,,,,
1760,11,18,-1,,,,,
1761,11,18,-1,,,,,
1762,11,18,-1,,,,,
1763,11,18,-1,,,,,
1764,11,18,-1,,,,,
1765,11,18,-1,,,,,
1766,11,18,-1,,,,,
1767,11,18,-1,,,,,
1768,11,18,-1,,,,,
1769,11,18,-1,,,,,
1770,11,18,-1,,,,,
1771,13,20,-1,elog9820,,,,
1772,13,20,-1,,,,,
1773,13,20,-1,,,,,
1774,10,17,-1,elog9830,,,,
1775,10,17,-1,,,,,
1776,10,17,-1,,,,,
1777,10,17,-1,,,,,
1778,10,17,-1,,,,,
1779,10,17,-1,,,,,
1780,10,17,-1,,,,,
1781,13,20,-1,elog9837,,,,
1782,11,18,-1,elog9839,,,,
1783,17,24,-1,elog9849,,,,
1784,15,22,-1,elog9850,,,,
1785,15,22,-1,,,,,
1786,15,22,-1,,,,,
1787,15,22,-1,,,,,
1788,15,22,-1,,,,,
1789,15,22,-1,,,,,
1790,15,22,-1,,,,,
1791,0,0,-1,elog9890,,,,
1792,11,18,-1,elog9896,,,,
1793,11,18,-1,,,,,
1794,11,18,-1,,,,,
1795,6,13,-1,elog9910,,,,
1796,6,13,-1,,,,,
1797,8,15,-1,,,,,
1798,10,17,-1,,,,,
1799,12,19,-1,,,,,
1800,14,21,-1,,,,,
1801,16,23,-1,,,,,
1802,11,18,-1,elog9915,,,,
1803,11,18,-1,,,,,
1804,11,18,-1,,,,,
1805,11,18,-1,,,,,
1806,11,18,-1,,,,,
1807,11,18,-1,,,,,
1808,11,18,-1,,,,,
1809,11,18,-1,,,,,
1810,11,18,-1,,,,,
1811,11,18,-1,,,,,
1812,11,18,-1,,,,,
1813,11,18,-1,,,,,
1814,11,18,-1,,,,,
1815,11,18,-1,,,,,
1816,11,18,-1,,,,,
1817,11,18,-1,,,,,
1818,11,18,-1,,,,,
1819,11,18,-1,,,,,
1820,11,18,-1,,,,,
1821,11,18,-1,,,,,
1822,11,18,-1,,,,,
1823,11,18,-1,,,,,
1824,11,18,-1,,,,,
1825,11,18,-1,,,,,
1826,11,18,-1,,,,,
1827,11,18,-1,,,,,
1828,11,18,-1,,,,,
1829,11,18,-1,,,,,
1830,11,18,-1,,,,,
1831,7,14,-1,elog10009,,,,
1832,7,14,-1,,,,,
1833,7,14,-1,,,,,
1834,12,19,-1,elog10014,,,,
1835,12,19,-1,,,,,
1836,12,19,-1,,,,,
1837,12,19,-1,,,,,
1838,12,19,-1,,,,,
1839,12,19,-1,,,,,
1840,12,19,-1,,,,,
1841,12,19,-1,,,,,
1842,12,19,-1,,,,,
1843,12,19,-1,,,,,
1844,12,19,-1,,,,,
1845,11,18,-1,,,,,
1846,11,18,-1,,,,,
1847,11,18,-1,,,,,
1848,11,18,-1,,,,,
1849,11,18,-1,,,,,
1850,11,18,-1,,,,,
1851,11,18,-1,,,,,
1852,11,18,-1,,,,,
1853,11,18,-1,,,,,
1854,11,18,-1,,,,,
1855,6,13,-1,elog10162,,,,
1856,6,13,-1,,,,,
1857,7,14,-1,elog10178,,,,
1858,12,19,-1,elog10181,,,,
1859,12,19,-1,,,,,
1860,12,19,-1,,,,,
1861,12,19,-1,,,,,
1862,12,19,-1,,,,,
1863,12,19,-1,,,,,
1864,12,19,-1,,,,,
1865,12,19,-1,,,,,
1866,12,19,-1,,,,,
1867,12,19,-1,,,,,
1868,12,19,-1,,,,,
1869,12,19,-1,,,,,
1870,12,19,-1,,,,,
1871,12,19,-1,,,,,
1872,12,19,-1,,,,,
1873,12,19,-1,,,,,
1874,12,19,-1,,,,,
1875,12,19,-1,,,,,
1876,12,19,-1,,,,,
1877,12,19,-1,,,,,
1878,12,19,-1,,,,,
1879,12,19,-1,,,,,
1880,12,19,-1,,,,,
1881,12,19,-1,,,,,
1882,12,19,-1,,,,,
1883,12,19,-1,,,,,
1884,12,19,-1,,,,,
1885,12,19,-1,,,,,
1886,12,19,-1,,,,,
1887,12,19,-1,,,,,
1888,12,19,-1,,,,,
1889,12,19,-1,,,,,
1890,12,19,-1,,,,,
1891,12,19,-1,,,,,
1892,12,19,-1,,,,,
1893,12,19,-1,,,,,
1894,12,19,-1,,,,,
1895,12,19,-1,,,,,
1896,12,19,-1,,,,,
1897,6,13,-1,runLog 1897,,,,
1898,6,13,y,runLog 1898,,,,
1899,12,19,-1,elog10408,,,,
1900,6,13,-1,elog10441,,,,
1901,7,14,-1,elog10446,,,,
1902,7,14,-1,,,,,
1903,7,14,-1,,,,,
1904,7,14,-1,,,,,
1905,7,14,-1,,,,,
1906,12,19,-1,elog10466,,,,
1907,12,19,-1,,,,,
1908,12,19,-1,,,,,
1909,12,19,-1,,,,,
1910,12,19,-1,,,,,
1911,12,19,-1,,,,,
1912,12,19,-1,,,,,
1913,12,19,-1,,,,,
1914,12,19,-1,,,,,
1915,12,19,-1,,,,,
1916,12,19,-1,,,,,
1917,12,19,-1,,,,,
1918,12,19,-1,,,,,
1919,10,17,-1,runLog 1919,,,,
1920,10,17,-1,runLog 1920,,,,
1921,10,17,-1,runLog 1921,,,,
1922,10,17,-1,runLog 1922,,,,
1923,10,17,-1,runLog 1923,,,,
1924,10,17,-1,runLog 1924,,,,
1925,10,17,-1,runLog 1925,,,,
1926,10,17,-1,runLog 1926,,,,
1927,10,17,-1,runLog 1927,,,,
1928,10,17,-1,runLog 1928,,,,
1929,10,17,-1,runLog 1929,,,,
1930,10,17,-1,runLog 1930,,,,
1931,10,17,-1,runLog 1931,,,,
1932,10,17,-1,runLog 1932,,,,
1933,10,17,-1,runLog 1933,,,,
1934,10,17,-1,runLog 1934,,,,
1935,10,17,-1,runLog 1935,,,,
1936,10,17,-1,runLog 1936,,,,
1937,7,14,-1,runLog 1937,,,,
1938,0,0,-1,runLog 1938,,,,
1939,10,17,-1,runLog 1939,,,,
1940,10,17,-1,runLog 1940,,,,
1941,10,17,-1,runLog 1941,,,,
1942,10,17,-1,runLog 1942,,,,
1943,10,17,-1,runLog 1943,,,,
1944,10,17,-1,runLog 1944,,,,
1945,10,17,-1,runLog 1945,,,,
1946,10,17,-1,runLog 1946,,,,
1947,10,17,-1,runLog 1947,,,,
1948,10,17,n,runLog 1948,,,,
1949,10,17,n,runLog 1949,,,,
1950,10,17,n,runLog 1950,,,,
1951,10,17,n,runLog 1951,,,,
1952,10,17,n,elog10620,,,,
1953,0,0,n,elog10621,,,,
1954,0,0,n,,,,,
1955,0,0,n,,,,,
1956,0,0,n,,,,,
1957,0,0,n,,,,,
1958,0,0,n,,,,,
1959,0,0,n,,,,,
1960,0,0,n,,,,,
1961,0,0,n,,,,,
1962,0,0,n,,,,,
1963,0,0,n,,,,,
1964,0,0,n,,,,,
1965,0,0,n,,,,,
1966,0,0,n,,,,,
1967,0,0,n,,,,,
1968,0,0,n,,,,,
1969,0,0,n,,,,,
1970,0,0,n,,,,,
1971,0,0,n,,,,,
1972,0,0,n,,,,,
1973,0,0,n,,,,,